<?xml version="1.0" encoding="UTF-8" standalone="yes"?>
<addon id="plugin.video.baby"
	name="Baby TV"
	version="1.0.0"
	provider-name="Donatello- http://Donatellokodi.blogspot.co.il">
  <requires>
    <import addon="xbmc.python" version="2.1.0"/>
    <import addon="plugin.video.youtube" version="3.0.0"/>
  </requires>
  <extension point="xbmc.python.pluginsource" library="default.py">
    <provides>video</provides>
  </extension>
  <extension point="xbmc.addon.metadata">
    <summary lang="en">Baby TV By Donatello Hybrid Blade</summary>
    <description lang="en">Awesome BabyTV videos from YouTube - By Donatello Hybrid Blade.</description>
    <platform>all</platform>
  </extension>
</addon>
