<?xml version="1.0" encoding="UTF-8" standalone="yes"?>
<addon id="context.thewiz.wall" name="TheWiz Media Wall Player" version="1.0.0" provider-name="TheWiz">
  <requires>
    <import addon="xbmc.python" version="2.20.0"/>
  </requires>
  <extension point="kodi.context.item" library="addon.py">
    <item>
      <label>TheWiz Wall Quasar Player</label>
      <visible>Container.Content(movies) | Container.Content(episodes)</visible>
    </item>
  </extension>
  <extension point="kodi.addon.metadata">
    <platform>all</platform>
  </extension>
</addon>
