<?xml version="1.0" encoding="UTF-8" standalone="yes"?>
<addon id="script.cdartmanager-NG"
       name="cdART Manager NG"
       version="4.1.0"
       provider-name="stef.an">
    <requires>
        <import addon="xbmc.addon" version="14.0.0"/>
        <import addon="xbmc.python" version="2.19.0"/>
        <import addon="xbmc.json" version="6.20.0"/>
        <import addon="script.module.pil" version="1.1.7" optional="true"/>
        <import addon="script.module.simplejson" version="3.3.0"/>
    </requires>
    <extension point="xbmc.python.script"
               library="default.py">
    </extension>
    <extension point="xbmc.addon.metadata">
        <platform>all</platform>
        <summary>cdART Manager enriches your music collection with several types of fanart provided by fanart.tv</summary>
        <description>With this script you are able to manage your cdARTs. You can download cdARTs from fanart.tv, Backup your cdARTs, View and even delete your local cdARTs
        </description>
        <description lang="he">גרסה זו של CDArtManager עברה תיקון לאחר שהגרסה המקורית איננה מטופלת זה זמן רב, התיקון בוצע ע״י אבקסיס.
        </description>
        <license>GNU GENERAL PUBLIC LICENSE. Version 2, June 1991</license>
        <source>https://github.com/stefansielaff/script.cdartmanager</source>
        <forum>http://forum.kodi.tv/showthread.php?tid=77031</forum>
        <website>http://kodi.wiki/view/Add-on:CdART_Manager</website>
        <email></email>
    </extension>
</addon>
